timestamp,open,high,low,close,volume,rsi,macd,macd_signal,ema,predictions
2024-05-07 00:00:00,63165.18,63667.0,62960.0,63545.45,928.47484,46.885292142881724,-226.59930903813074,-232.3396148895092,63647.567963197755,
2024-05-07 01:00:00,63545.44,63967.19,63480.0,63895.72,1085.17625,52.11900327866145,-178.72155416944588,-221.61600274549656,63671.201490512256,
2024-05-07 02:00:00,63895.72,63953.34,63620.03,63702.76,515.58031,49.24050182179471,-154.5666003074366,-208.20612225788457,63674.20706284442,
2024-05-07 03:00:00,63702.76,63733.16,62832.6,63239.49,1476.62405,43.087671391902944,-170.83634756303945,-200.73216731891557,63632.80543781162,
2024-05-07 04:00:00,63239.5,63470.58,63092.76,63466.26,660.87016,46.60481937765,-163.54653304748354,-193.29504046462918,63616.94396754385,
2024-05-07 05:00:00,63466.27,63725.0,63243.92,63563.48,863.98722,48.0860512570105,-148.21592015868373,-184.2792164034401,63611.8521611111,
2024-05-07 06:00:00,63563.47,63719.2,63394.28,63623.81,670.64396,49.030959933278425,-129.7030363266167,-173.36398038807545,63612.99100291004,
2024-05-07 07:00:00,63623.81,63853.12,63549.99,63669.69,675.97144,49.77957900868237,-110.06059986187756,-160.7033042828359,63618.3909073948,
2024-05-07 08:00:00,63669.69,64422.41,63596.13,64232.0,1813.93045,57.93446561091183,-48.5603365363786,-138.27471073354442,63676.8298685953,
2024-05-07 09:00:00,64231.99,64362.7,64064.34,64119.98,876.3382,55.98414039300102,-8.759043770965945,-112.37157734102874,63719.03464301479,
2024-05-07 10:00:00,64119.98,64171.83,63746.69,64086.37,1107.35526,55.38172763911429,19.842983823255054,-85.92866510817198,63754.01896272767,
2024-05-07 11:00:00,64086.37,64124.05,63358.0,63490.43,1203.63388,45.94203092830462,-5.513524287518521,-69.84563694404129,63728.915251991704,
2024-05-07 12:00:00,63490.43,63772.45,63473.73,63663.02,808.51866,48.67072261243186,-11.549038912344258,-58.18631733770189,63722.63951370678,
2024-05-07 13:00:00,63663.03,63712.86,63112.57,63213.16,1114.61286,42.630394539367096,-52.03237328891555,-56.95552852794462,63674.11765525852,
2024-05-07 14:00:00,63213.17,64088.53,63050.77,64024.47,1473.30207,53.77291365346422,-18.437237848462246,-49.25187039204815,63707.48454523389,
2024-05-07 15:00:00,64024.47,64320.0,63584.28,63740.48,2024.432,50.10449324645638,-14.560624750120041,-42.313621263662526,63710.62696949733,
2024-05-07 16:00:00,63740.48,63895.46,63455.56,63634.0,834.79206,48.761294022866586,-19.851590274214686,-37.82121506577296,63703.32916287854,
2024-05-07 17:00:00,63633.99,63657.4,63310.84,63391.79,634.53809,45.75643144573189,-43.092300126147165,-38.875432077847805,63673.658766413915,
2024-05-07 18:00:00,63391.79,63393.52,62789.89,63169.99,1486.25347,43.13502932886776,-78.50320043605461,-46.800985749489165,63625.690312469735,
2024-05-07 19:00:00,63169.99,63269.2,62961.81,63060.01,626.71829,41.854583010340654,-114.1254932664815,-60.26588725288764,63571.815996996425,
2024-05-07 20:00:00,63060.0,63197.58,62888.68,62974.94,554.56501,40.84460168395092,-147.52033245537314,-77.71677629338474,63514.97066394915,
2024-05-07 21:00:00,62974.94,63162.28,62835.0,63074.01,577.89635,42.58226951274188,-164.1002169201165,-94.9934644187311,63472.97441023971,
2024-05-07 22:00:00,63074.01,63123.6,62738.8,62850.92,1499.83173,39.75062358607735,-193.0164202253145,-114.59805558004778,63413.73113307402,
2024-05-07 23:00:00,62850.92,62880.0,62261.0,62312.08,2084.74811,33.888823045125406,-256.4563354048805,-142.96971154501435,63308.81197754316,
2024-05-08 00:00:00,62312.07,62729.77,62111.0,62586.01,1290.47582,38.82747005720707,-281.38542752101057,-170.6528547402136,63239.97369396762,
2024-05-08 01:00:00,62586.01,62718.38,62430.0,62530.31,791.7418,38.20254820562999,-302.1534008026356,-196.952963952698,63172.38667549451,
2024-05-08 02:00:00,62530.31,62849.03,62530.3,62756.01,608.8807,42.25800212546128,-296.97670293721603,-216.95771174960163,63132.731754018845,
2024-05-08 03:00:00,62756.0,62973.18,62588.0,62893.99,646.7246,44.64944572494078,-278.52958406331163,-229.27208621234365,63109.994444112286,
2024-05-08 04:00:00,62894.0,63020.22,62358.09,62520.15,950.04767,39.835581781853506,-290.7245811385874,-241.56258519759243,63053.818782768256,
2024-05-08 05:00:00,62520.15,62760.0,62361.51,62617.71,564.73818,41.6049747501035,-289.1834012843028,-251.08674841493453,63012.2846129808,
2024-05-08 06:00:00,62617.71,62709.63,62135.48,62505.98,1299.9694,40.1487147744429,-293.59332132685813,-259.58806299731924,62964.06512603025,
2024-05-08 07:00:00,62505.99,62603.64,62020.09,62208.0,1045.14323,36.48125452342577,-317.4730783821142,-271.16506607427823,62892.05892355118,
2024-05-08 08:00:00,62208.0,62427.97,62042.0,62375.99,1032.41734,39.81886128652591,-319.1634512501114,-280.76474310944485,62842.90950226059,
2024-05-08 09:00:00,62375.99,62428.0,62082.3,62302.01,1000.998,38.85070006409552,-322.75216559113323,-289.16222760578256,62791.39526395006,
2024-05-08 10:00:00,62302.0,62519.7,62264.19,62450.05,809.67814,41.89522878959348,-310.07629032451223,-293.34504014952853,62758.886191192905,
2024-05-08 11:00:00,62450.06,62507.0,62131.41,62243.4,670.36372,38.97788336092038,-313.09631636548875,-297.29529539272056,62709.792268222154,
2024-05-08 12:00:00,62243.4,62450.14,62093.75,62238.29,730.29598,38.905738213941284,-312.3020197723381,-300.29664026864407,62664.88729029623,
2024-05-08 13:00:00,62238.29,62461.28,61761.0,62447.61,2047.08478,43.517602345439876,-291.4228185124957,-298.52187591741443,62644.19421502992,
2024-05-08 14:00:00,62447.6,62828.0,62160.72,62560.01,1703.94563,45.88011016758512,-262.7770304198857,-291.3729068179087,62636.176670741355,
2024-05-08 15:00:00,62560.0,62604.35,61886.86,62273.08,1676.92072,41.14850475359401,-260.2281419664723,-285.14395384762145,62601.59603543265,
2024-05-08 16:00:00,62273.07,62444.45,62000.0,62444.45,800.51936,44.80944271320536,-241.59504540649505,-276.4341721593962,62586.62974634383,
2024-05-08 17:00:00,62444.45,62685.7,62368.06,62594.18,721.63706,47.86123067008308,-212.2989720856349,-263.60713214464397,62587.34881812061,
2024-05-08 18:00:00,62594.19,62760.0,62450.0,62515.46,605.54987,46.40829582130158,-193.2065047022188,-249.52700665615896,62580.502264013885,
2024-05-08 19:00:00,62515.46,62548.71,61949.42,62179.45,1173.4342,40.725288115131356,-202.85045185536,-240.1916956959992,62542.30681029828,
2024-05-08 20:00:00,62179.45,62248.84,61429.62,61570.01,1896.4447,32.86439776380949,-256.71086114223,-243.49552878524537,62449.7071140794,
2024-05-08 21:00:00,61570.0,61763.37,61382.0,61485.94,938.44954,31.948283022222213,-302.6901463539689,-255.33445229899007,62357.91976988136,
2024-05-08 22:00:00,61485.95,61568.85,61103.26,61251.01,1500.49677,29.47559729310143,-354.00519720243756,-275.06860127967957,62252.49979179742,
2024-05-08 23:00:00,61251.02,61280.46,60888.0,61193.03,1615.23283,28.88148929485952,-394.80023479366355,-299.01492798247637,62151.59790686433,
2024-05-09 00:00:00,61193.03,61468.14,61144.33,61400.0,669.8655,33.995812236055855,-405.75258350708464,-320.36245908739807,62080.01715382963,
2024-05-09 01:00:00,61400.01,61567.41,61380.54,61551.0,607.39768,37.52570174850569,-397.66393838504155,-335.8227549469268,62029.63456775062,
2024-05-09 02:00:00,61550.99,61694.91,61490.34,61664.64,656.06328,40.121090765861005,-377.7295988918704,-344.2041237359156,61994.8731803458,
2024-05-09 03:00:00,61664.64,61806.98,61423.24,61680.4,788.29083,40.49032192893887,-356.54970784859324,-346.67324055845114,61964.9233536462,
2024-05-09 04:00:00,61680.4,61760.6,61420.0,61511.12,848.22051,37.7945232291739,-349.39634924946586,-347.2178622966541,61921.703986632274,
2024-05-09 05:00:00,61511.13,61727.58,61444.44,61580.01,686.18536,39.558159918530606,-334.3146426632593,-344.6372183699752,61889.16170219111,
2024-05-09 06:00:00,61580.01,61780.6,61530.69,61616.01,524.85549,40.50739652047558,-315.8168424300384,-338.8731431819878,61863.147254363386,
2024-05-09 07:00:00,61616.0,61648.0,61129.0,61253.16,846.09087,34.607825648558745,-326.67051070964953,-336.4326166875202,61805.0532301383,
2024-05-09 08:00:00,61253.16,61447.06,61139.79,61310.0,927.28068,36.175955557016316,-326.9171110915777,-334.5295155683317,61757.90530345846,
2024-05-09 09:00:00,61309.99,61361.94,60923.22,61289.99,1553.16258,35.850026229726794,-324.9810047117062,-332.6198133970066,61713.34194122432,
2024-05-09 10:00:00,61289.99,61321.76,60774.67,60805.99,1272.99616,29.035753824148514,-358.3703116253455,-337.76991304267443,61626.92747063153,
2024-05-09 11:00:00,60805.99,61177.94,60630.0,61053.99,1608.93152,35.77238556491382,-360.6625570804754,-342.3484418502346,61572.36199723805,
2024-05-09 12:00:00,61053.99,61631.03,61025.42,61516.66,1514.01068,46.06007597959558,-321.440213125592,-338.1667961053061,61567.05704512014,62309.73671291511
2024-05-09 13:00:00,61516.66,61538.73,60882.19,61182.33,1609.99212,40.95510967655599,-313.7175195640739,-333.2769407970597,61530.41637415632,62315.11627889296
2024-05-09 14:00:00,61182.32,61571.42,61119.1,61540.61,1537.77848,47.65100258093952,-275.51110700659046,-321.72377403896587,61531.38719566524,62331.71275247484
2024-05-09 15:00:00,61540.6,62285.0,61465.36,62159.06,3626.5535,56.7653371552191,-193.10253754410223,-295.99952673999314,61591.16555798283,62381.08989429305
2024-05-09 16:00:00,62159.06,62668.67,61820.77,61859.81,3589.58861,52.043636186746326,-150.20861517270532,-266.8413444265356,61616.75074293685,62538.43609078913
2024-05-09 17:00:00,61859.8,62211.45,61750.0,61946.29,1125.20218,53.25375549118387,-107.9917971874529,-235.07143497871908,61648.13543408572,62723.63133565356
2024-05-09 18:00:00,61946.3,62260.0,61890.0,62259.69,640.09588,57.44462694036705,-48.68469708860357,-197.794087400696,61706.37872607756,62857.91294141631
2024-05-09 19:00:00,62259.68,62550.0,62180.0,62454.92,926.36456,59.858861930520554,13.909694123758527,-155.45333109580508,61777.668371213025,62967.50639753589
2024-05-09 20:00:00,62454.92,62659.51,62346.36,62624.7,1263.92993,61.884010966335005,76.33607249100169,-109.09545037844373,61858.33805014512,63079.038800327944
2024-05-09 21:00:00,62624.7,62822.64,62426.82,62543.34,1306.15453,60.31367635308961,117.88544502954755,-63.699271296845474,61923.57633108368,63198.06889421426
2024-05-09 22:00:00,62543.34,63429.03,62493.0,63280.47,1525.42563,68.18958854760675,207.89734151952143,-9.379948733572089,62052.8042995519,63304.35681697131
2024-05-09 23:00:00,63280.46,63330.01,62862.72,63074.01,1006.36954,64.33829967468478,259.58053858124913,44.41214872939216,62150.061985308865,63448.35871289639
2024-05-10 00:00:00,63074.0,63094.01,62742.0,62840.73,768.11834,60.20099092294614,278.5056583466285,91.23085065283942,62215.83989146993,63575.05500425059
2024-05-10 01:00:00,62840.72,62968.0,62662.07,62883.5,776.17158,60.699976042735756,293.5710295776662,131.6988864378048,62279.426568472794,63645.794260740644
2024-05-10 02:00:00,62883.5,63043.29,62771.76,62910.61,605.44697,61.033465470179124,304.19146539027133,166.1974022282981,62339.539276237294,63674.679061618845
2024-05-10 03:00:00,62910.62,62932.15,62793.94,62916.16,586.04818,61.10622961839444,309.48848529598035,194.85561884183457,62394.45553564327,63678.55189977257
2024-05-10 04:00:00,62916.16,63008.0,62793.04,62929.99,607.57275,61.30016127246749,311.2148856745698,218.12747220838162,62445.45881796296,63664.734377135646
2024-05-10 05:00:00,62930.0,62973.49,62660.42,62767.99,608.04587,57.67259255396584,296.09779325695126,233.72153641809555,62476.17607339506,63644.46530714069
2024-05-10 06:00:00,62768.0,63236.96,62743.88,63166.0,828.39836,63.40274522491546,312.6296690749805,249.50316294947257,62541.87359021458,63603.080703467276
2024-05-10 07:00:00,63166.0,63380.0,62990.44,63078.02,2785.46141,61.42326097249238,315.0009145839722,262.6027132763725,62592.93515305129,63590.59185358636
2024-05-10 08:00:00,63078.01,63136.06,62839.67,63039.99,866.50642,60.54335248793307,310.23524181086395,272.12921898327085,62635.51180514164,63619.78839125576
2024-05-10 09:00:00,63040.0,63214.63,62850.0,63126.98,690.97981,61.88825605878463,309.90538146941253,279.6844514804992,62682.31829989006,63630.23494388839
2024-05-10 10:00:00,63126.97,63139.19,62860.0,63025.45,630.43874,59.34570323889921,298.01599936178536,283.3507610567564,62714.99750942434,63635.15617252999
2024-05-10 11:00:00,63025.44,63320.0,62800.0,63299.63,984.57483,63.68459396350102,307.1766715069607,288.1159431467973,62770.67679424107,63624.06508301826
2024-05-10 12:00:00,63299.63,63469.13,62939.0,63007.92,1387.45502,56.74548367467471,287.58293405366567,288.009341328171,62793.27138526573,63635.94000801129
2024-05-10 13:00:00,63007.91,63107.17,62812.26,63004.0,838.68751,56.65614574873763,268.6417103047497,284.13581512348674,62813.34077714519,63639.73364816941
2024-05-10 14:00:00,63004.0,63090.33,60690.0,61063.87,7058.22394,30.80579525947077,95.97207106779388,246.50306631234818,62646.72451265517,63620.584303027164
2024-05-10 15:00:00,61063.87,61326.01,60703.0,60928.02,4160.52276,29.78114809997389,-51.24114566848584,186.95422391618138,62483.03836859277,63521.639888032514
2024-05-10 16:00:00,60928.02,61294.82,60255.0,61071.54,3344.86696,32.34151185805868,-154.54630242005805,118.6541186489335,62348.60995253632,63288.19649405314
2024-05-10 17:00:00,61071.55,61071.55,60187.12,60383.72,2970.16569,27.219156867161814,-288.5910115283259,37.205092613481625,62161.477576104284,63001.573331090854
2024-05-10 18:00:00,60383.71,60788.0,60220.87,60717.07,1476.02208,32.77618804740379,-363.73098576952907,-42.98212306312051,62023.91494980864,62675.16665584851
2024-05-10 19:00:00,60717.08,60922.29,60538.7,60716.97,1657.60008,32.77537958895256,-418.4642307075701,-118.07854459201043,61899.44400220782,62358.37860525641
2024-05-10 20:00:00,60716.96,60977.17,60456.91,60516.92,1289.75299,31.121575445731963,-472.5359840840101,-188.97003249041038,61767.7750496166,62092.03469288249
2024-05-10 21:00:00,60516.91,60777.7,60466.52,60710.0,602.33189,34.55401405169644,-494.1124748024886,-249.99852095282603,61667.03456870073,61869.23409125003
2024-05-10 22:00:00,60709.99,60931.8,60610.0,60854.01,577.19897,37.072837712335854,-493.89824417106865,-298.7784655964746,61589.6036573959,61697.60887528627
2024-05-10 23:00:00,60854.0,61003.0,60776.0,60799.99,428.7491,36.5052709706217,-492.4112173895119,-337.50501595508206,61514.40235669153,61594.20887092913
2024-05-11 00:00:00,60799.99,60930.0,60650.0,60779.99,746.64617,36.283791300418805,-487.2300856673319,-367.45002989753203,61444.45832272091,61540.84416620116
2024-05-11 01:00:00,60779.99,61096.27,60764.0,60876.69,783.97486,38.23499205429839,-469.90435470929515,-387.9408948598847,61390.385149128444,61523.8335882061
2024-05-11 02:00:00,60876.7,60977.77,60753.54,60895.23,495.30171,38.623075476284974,-449.4960543323832,-400.2519267543844,61343.22751587812,61545.452499570245
2024-05-11 03:00:00,60895.22,60918.86,60699.92,60731.9,337.27232,36.450253910811355,-441.4133568367106,-408.48421277084964,61285.00584769925,61583.388866045956
2024-05-11 04:00:00,60731.89,60880.26,60712.0,60766.01,569.08381,37.24427313089441,-427.3293817978047,-412.25324657624066,61235.57767172789,61613.21540691973
2024-05-11 05:00:00,60766.0,60939.18,60766.0,60922.0,446.69119,40.88205178467945,-398.9814311912778,-409.59888349924813,61205.71313156333,61641.74543167047
2024-05-11 06:00:00,60921.99,61080.0,60900.94,60953.01,549.19603,41.60671382780372,-369.75096924951504,-401.6293006493015,61181.646166652536,61684.809341778986
2024-05-11 07:00:00,60953.0,61018.53,60861.88,61018.52,393.52493,43.19096518772683,-337.4100549732102,-388.78545151408326,61166.11034125705,61741.424604665095
2024-05-11 08:00:00,61018.53,61058.75,60780.0,60790.0,504.38143,39.19607328414675,-326.45611866017134,-376.3195849433009,61130.29030875638,61802.39098296205
2024-05-11 09:00:00,60790.01,60904.43,60662.0,60904.43,1137.87555,42.0847910763179,-305.0253580883,-362.06073957230075,61108.779803160534,61841.0559639762
2024-05-11 10:00:00,60904.42,60904.43,60692.0,60745.99,321.65383,39.300700262635274,-297.39789202101383,-349.1281700620434,61074.228393335725,61877.65723339042
2024-05-11 11:00:00,60745.99,60790.0,60487.09,60684.01,658.32615,38.23510583679437,-292.97708080565644,-337.89795221076605,61037.06473682756,61882.5990338518
2024-05-11 12:00:00,60684.0,60818.14,60643.94,60710.01,421.01411,38.982504792054854,-284.1006380494,-327.13848937849286,61005.91666665351,61861.96746452059
2024-05-11 13:00:00,60710.01,60986.11,60666.88,60972.0,515.98045,46.0648735640716,-253.0090588181556,-312.3126032664254,61002.686507924605,61828.26991097881
2024-05-11 14:00:00,60972.01,61000.01,60783.94,60840.01,435.96157,43.3358193093178,-236.29538211198815,-297.10915903553797,60987.19350716988,61827.28709755466
2024-05-11 15:00:00,60840.01,61515.0,60840.0,61174.18,1610.22371,51.21591612205917,-193.8503603950594,-276.45739930744224,61005.001744582274,61829.93236677656
2024-05-11 16:00:00,61174.18,61410.09,61091.84,61201.19,895.986,51.799384511542435,-156.23194895991037,-252.4123092379359,61023.686340336346,61895.84960275248
2024-05-11 17:00:00,61201.2,61257.99,61016.0,61099.05,467.76216,49.393551999305195,-133.12633374479628,-228.555114139308,61030.86383173289,61979.2236777696
2024-05-11 18:00:00,61099.04,61300.0,61016.0,61214.54,324.43989,52.10241840525145,-104.29365705209784,-203.70282272186597,61048.35680013928,62038.93707075671
2024-05-11 19:00:00,61214.55,61217.0,61058.31,61144.0,270.26577,50.330322578807234,-86.14254389340931,-180.19076695617466,61057.46567631649,62087.92713939251
2024-05-11 20:00:00,61144.01,61154.21,60784.39,61016.58,631.96735,47.206961479594746,-81.1044632831181,-160.37350622156336,61053.571802381586,62113.6244315807
2024-05-11 21:00:00,61016.57,61016.58,60840.0,60919.55,241.44046,44.92086924431465,-83.97326664219872,-145.09345830569043,61040.80782120239,62107.8580732644
2024-05-11 22:00:00,60919.55,60990.0,60899.26,60909.99,278.28232,44.6912297665381,-86.02656538059819,-133.28007972067198,61028.348981087875,62062.341693309805
2024-05-11 23:00:00,60909.99,60986.41,60743.51,60825.99,337.31759,42.629124236578356,-93.35577019979246,-125.29521781649608,61009.07669717474,61995.87519676687
2024-05-12 00:00:00,60825.99,61104.05,60804.0,60978.0,437.42056,47.362404099510854,-85.9079874205272,-117.4177717373023,61006.11701172953,61912.92407274754
2024-05-12 01:00:00,60977.99,61080.0,60860.3,60867.99,319.12655,44.50096305136213,-87.8695480644601,-111.50812700273387,60992.96205823148,61852.368218103315
2024-05-12 02:00:00,60868.0,60979.99,60833.99,60929.85,268.29136,46.459779115347594,-83.47032010099792,-105.9005656223867,60986.95138601896,61794.23295751616
2024-05-12 03:00:00,60929.86,60970.0,60863.81,60930.0,241.95581,46.464713288314485,-79.06043699457223,-100.5325398968238,60981.527444493346,61745.86453697704
2024-05-12 04:00:00,60930.01,61120.0,60919.33,61100.0,356.79079,51.877542836986684,-61.14317317050882,-92.65466655156081,60992.81054501779,61706.216812749735
2024-05-12 05:00:00,61100.01,61100.01,60978.64,61050.01,206.38871,50.26802806850308,-50.39644882777793,-84.20302300680423,60998.258112158954,61703.419606947624
2024-05-12 06:00:00,61050.01,61062.0,60945.04,60946.49,186.95925,47.01506999869369,-49.660337746398,-77.29448595472299,60993.32781576286,61711.21583516715
2024-05-12 07:00:00,60946.49,60996.0,60610.0,60820.0,664.15041,43.325726574390146,-58.60805313567835,-73.55719939091406,60976.820404737824,61705.89089333876
2024-05-12 08:00:00,60819.99,61110.0,60790.94,61049.97,542.22786,50.873630190288424,-46.60528823399363,-68.16681715952998,60983.78703285803,61677.937371018765
2024-05-12 09:00:00,61049.97,61083.32,60960.0,61000.0,428.10304,49.33608490791069,-40.656509029147855,-62.66475553345356,60985.33112496679,61673.53661643869
2024-05-12 10:00:00,61000.01,61366.59,60950.0,61159.99,1003.15244,54.117440017078614,-22.76972749795823,-54.6857499263545,61001.96530354138,61675.15799880787
2024-05-12 11:00:00,61159.99,61233.06,61110.0,61146.0,367.15418,53.6407275914238,-9.61239464591199,-45.671078870266,61015.6828936803,61714.171015694534
2024-05-12 12:00:00,61145.99,61236.25,61090.0,61155.75,385.00105,53.94521237656165,1.583377755508991,-36.220187545111,61029.0226180917,61756.02350539869
2024-05-12 13:00:00,61155.75,61245.94,61097.89,61191.29,273.91856,55.10277884481634,13.172049833476194,-26.341740069393566,61044.47665446392,61795.59750808754
2024-05-12 14:00:00,61191.29,61313.82,61124.77,61168.82,438.56708,54.17563840593166,20.30890630671638,-17.011610794171578,61056.31887784831,61832.947296855586
2024-05-12 15:00:00,61168.83,61587.12,61146.01,61419.0,950.94806,61.86853232397264,45.62639891330764,-4.484008852675736,61090.85993710085,61864.60669559743
2024-05-12 16:00:00,61419.01,61888.0,61346.77,61346.77,1686.64498,58.799397905952695,59.18014498499542,8.248821914858496,61115.23232404363,61936.46020048305
2024-05-12 17:00:00,61346.77,61685.5,61109.67,61616.3,1222.21509,65.64761040867526,90.62572786183591,24.72420310425398,61162.95305508709,62028.17344529771
2024-05-12 18:00:00,61616.3,61652.7,61355.0,61373.94,465.50009,56.546075302725924,94.89624746207119,38.75861197581742,61183.0470498407,62136.69035632282
2024-05-12 19:00:00,61373.95,61442.67,61209.59,61406.1,446.02131,57.39027317996002,99.72612751967245,50.952115084588435,61204.29018795111,62194.09528220231
2024-05-12 20:00:00,61406.11,61432.0,61283.24,61284.03,301.47437,53.16802853789852,92.63596371842868,59.28888481135649,61211.88445576529,62213.16795694456
2024-05-12 21:00:00,61284.03,61316.67,60910.58,61236.0,735.99173,51.56067280901485,82.19385858960595,63.869879567006386,61214.18117426384,62189.28919958269
2024-05-12 22:00:00,61236.0,61420.0,61203.36,61326.0,389.40868,54.345871053132974,80.2555271229794,67.147009078201,61224.83058623871,62137.096035417315
2024-05-12 23:00:00,61326.0,61551.43,61280.0,61483.99,435.7204,58.821929755717456,90.42548934004299,71.8027051305694,61249.51243516836,62085.671400737636
2024-05-13 00:00:00,61484.0,61812.0,61483.99,61512.89,628.32045,59.60216705586591,99.66833165437129,77.37583043532977,61274.59601277138,62064.84541717786
2024-05-13 01:00:00,61512.9,61545.77,61168.86,61415.87,863.29014,55.781007410327526,98.03456615529285,81.50757757932239,61288.05067822172,62077.46478928735
2024-05-13 02:00:00,61415.88,61500.0,60944.71,61044.26,1697.35769,44.114830615753945,65.99324485367106,78.40471103419212,61264.83251839108,62084.71884824975
2024-05-13 03:00:00,61044.26,61220.79,60749.21,61170.0,2162.71467,48.07225318256067,50.16812708341604,72.7573942440369,61255.80084997288,62042.915084971966
2024-05-13 04:00:00,61170.0,61170.01,60894.24,60976.96,859.54264,43.033936460559154,21.79861171261291,62.565637737752105,61229.244578546895,61990.55299316704
2024-05-13 05:00:00,60976.96,61016.0,60802.0,60858.97,556.81825,40.25670672867152,-10.08894148915715,48.03472189237026,61193.980332971,61897.772190264506
2024-05-13 06:00:00,60858.96,61560.0,60797.79,61504.1,1137.89174,56.707864325863035,16.506268298508076,41.729031173597825,61223.51553935471,61771.11907866854
2024-05-13 07:00:00,61504.09,62450.0,61460.0,62334.37,2210.91546,68.66632799027789,103.38723017433222,54.060670973744706,61329.31120227331,61736.14958284988
2024-05-13 08:00:00,62334.36,63080.0,62334.36,62767.18,4637.85443,72.8729338951236,204.80431164200854,84.20939910739747,61466.25108777109,61859.91716321956
2024-05-13 09:00:00,62767.19,63295.48,62767.18,63060.6,1765.61513,75.29447441820375,305.33491038001375,128.43450136192072,61618.0938413167,62140.89213296005
2024-05-13 10:00:00,63060.61,63087.11,62378.84,62674.7,1960.81395,66.84330894526066,349.8345542872339,172.71451194698338,61718.72299928654,62460.25531199602
2024-05-13 11:00:00,62674.69,62770.94,62480.57,62738.0,849.04121,67.48794055032124,385.76180174402543,215.3239699063918,61815.79699935449,62726.74140162269
2024-05-13 12:00:00,62737.99,62913.3,62399.35,62844.04,1946.16246,68.58964217029488,417.9728155435805,255.85373903382956,61913.72490417787,62916.71661061883
2024-05-13 13:00:00,62844.03,63048.05,62600.79,62779.66,1400.96683,67.10292989473277,433.3104153518507,291.3450742974338,61996.194913303785,63071.63069845565
2024-05-13 14:00:00,62779.66,63100.0,62729.12,62747.87,1221.94263,66.3382900900522,437.8530885309592,320.64667714413895,62067.78301679866,63183.43158806967
2024-05-13 15:00:00,62747.88,63200.0,62703.42,63002.0,1273.8323,69.34547480258816,456.694862804834,347.85631427627794,62156.75606281784,63256.655471038765
2024-05-13 16:00:00,63002.0,63450.0,62917.55,63178.89,2043.50104,71.26945179195741,480.36331999599497,374.3577154202214,62254.10215207328,63320.353407863106
2024-05-13 17:00:00,63178.89,63189.48,62610.0,62810.51,1332.46033,62.47535116591102,464.04631842215895,392.2954360206089,62307.09337568535,63403.097900941786
2024-05-13 18:00:00,62810.51,62827.31,62566.36,62786.9,709.191,61.94775911885023,444.0906468936955,402.65447819522626,62352.7892446677,63431.50554793869
2024-05-13 19:00:00,62786.9,63188.76,62786.9,63172.69,1427.27778,66.87086615759071,454.17027009055164,412.95763657429137,62430.87503088982,63406.31609183399
2024-05-13 20:00:00,63172.7,63193.59,62990.84,63091.89,528.05806,64.97481873404436,450.4460971525841,420.45532868994997,62493.828837471745,63400.6902257067
2024-05-13 21:00:00,63091.88,63120.0,62840.0,62901.75,422.29886,60.61901844691326,427.2271457379029,421.8096920995406,62532.678471998246,63391.91272870478
2024-05-13 22:00:00,62901.76,62952.2,62715.57,62770.0,605.26179,57.73103915304661,393.6570026553163,416.17915421069574,62555.28052228413,63359.8875307102
2024-05-13 23:00:00,62770.0,62980.15,62716.13,62940.08,492.28955,60.3567207118828,376.43712414155016,408.23074819686667,62591.9280915904,63303.99649417571
2024-05-14 00:00:00,62940.09,63118.36,62721.98,62815.03,964.38605,57.527224999931896,348.6803859995198,396.32067575739734,62613.175892391315,63254.55166896411
2024-05-14 01:00:00,62815.02,63019.8,62577.99,62652.02,805.39253,53.975070420854976,309.9564414608976,379.0478288980974,62616.87533121119,63214.621556139005
2024-05-14 02:00:00,62652.01,62711.06,62500.0,62541.99,1160.02244,51.656476156285855,267.3075795977493,356.6997790380278,62609.74339490536,63163.85536011425
2024-05-14 03:00:00,62541.99,62696.42,62403.22,62488.46,1256.12532,50.51947429395415,226.57678948163084,330.67518112674844,62598.19259539056,63099.90971892069
2024-05-14 04:00:00,62488.46,62669.48,62401.07,62550.22,678.86922,51.83666210796385,197.00985375553864,303.9421156525065,62593.62377678193,63032.713028092054
2024-05-14 05:00:00,62550.22,62780.73,62487.18,62717.22,664.97541,55.30162805839934,184.9216864059781,280.1380298032008,62605.394845659845,62971.31042892039
2024-05-14 06:00:00,62717.22,62717.22,61404.34,62042.0,3558.59149,42.11039903844536,119.47982667163888,248.00638917688843,62551.73819369224,62943.00528996745
2024-05-14 07:00:00,62041.99,62116.8,61820.24,62035.39,1227.22365,42.00476915731625,66.31882743052847,211.66887682761646,62502.56217524536,62906.01757926973
2024-05-14 08:00:00,62035.39,62045.8,61697.05,61861.0,1125.77609,39.21028149850025,10.001248795124411,171.33535122111806,62441.46101569818,62820.559852731785
2024-05-14 09:00:00,61861.01,61954.9,61755.57,61797.85,451.10485,38.218727706731286,-39.273791432562575,129.21352269038195,62380.16472848883,62702.79748846302
2024-05-14 10:00:00,61797.84,61822.19,61520.89,61719.01,781.38375,36.962032081645155,-83.721258375248,86.62656647725596,62317.19761148989,62566.762854726694
2024-05-14 11:00:00,61719.0,61895.83,61696.96,61798.57,620.09187,39.13693820653275,-111.24401728048542,47.05244972570769,62267.804505633714,62432.1813076189
2024-05-14 12:00:00,61798.57,62108.0,61151.0,61566.52,2759.73245,35.31034930997926,-150.05080539963092,7.631798700639968,62201.015505097166,62326.3312205893
2024-05-14 13:00:00,61566.53,62054.77,61452.16,61695.98,1274.03831,38.89963071355918,-168.4177099898443,-27.578103037456884,62152.916885564104,62262.16132549685
2024-05-14 14:00:00,61695.98,62300.0,61142.77,61803.74,3353.676,41.794591642000526,-172.29220549511228,-56.520923528987964,62119.66194408181,62223.30473869369
2024-05-14 15:00:00,61803.74,62063.56,61650.0,61787.61,1984.04331,41.47779830760502,-174.65105860613403,-80.14695054441718,62088.03794940735,62252.14685129057
2024-05-14 16:00:00,61787.6,61816.34,61201.1,61427.54,1837.56692,35.084705128239335,-203.23237020472152,-104.76403447647806,62025.133382797125,62292.523084739834
2024-05-14 17:00:00,61427.54,61535.28,61159.34,61314.98,1680.60143,33.35399237803476,-232.2882425944481,-130.26887610007208,61957.499727292634,62293.97687347825
2024-05-14 18:00:00,61314.99,61463.15,61224.07,61429.99,587.85567,36.78531342186399,-243.23106862520945,-152.86131460509955,61907.26070564571,62256.07304979594
2024-05-14 19:00:00,61430.0,61680.0,61397.2,61596.52,566.58472,41.483268277560214,-235.74819934873813,-169.43869155382728,61877.66635272707,62202.32204420644
2024-05-14 20:00:00,61596.51,61710.0,61561.14,61610.04,353.70558,41.861037887407,-226.12044479481847,-180.77504220202553,61852.178128657826,62177.88665412371
2024-05-14 21:00:00,61610.04,61789.99,61472.41,61694.56,560.50715,44.28265164679709,-209.2581249044888,-186.4716587425182,61837.166878309465,62175.369871011695
2024-05-14 22:00:00,61694.57,61766.28,61570.0,61708.79,514.9336,44.70028062301174,-192.527040945919,-187.68273518319836,61824.94050894666,62202.2852536482
2024-05-14 23:00:00,61708.78,61726.62,61540.0,61577.49,321.5326,41.601746677423066,-187.6986755544931,-187.68592325745732,61801.37379380888,62244.809943361135
2024-05-15 00:00:00,61577.49,61800.0,61319.47,61438.35,723.56318,38.55199276661498,-192.8762391303826,-188.72398643204238,61766.80009916041,62273.22362850308
2024-05-15 01:00:00,61438.35,61760.04,61432.01,61696.0,520.34527,46.38931052854625,-174.1814386370752,-185.81547687304896,61760.05723257371,62281.97753461269
2024-05-15 02:00:00,61695.99,61908.47,61690.21,61774.01,452.58568,48.52983419539441,-151.32652157095436,-178.91768581263005,61761.38606756669,62311.44283994802
2024-05-15 03:00:00,61774.01,62033.48,61772.44,61949.99,454.46345,53.08092787524145,-117.6574381536775,-166.66563628083955,61779.34834684605,62364.77005200786
2024-05-15 04:00:00,61949.99,61982.0,61818.18,61900.0,467.9234,51.68291329476437,-93.92550740618753,-152.11761050590914,61790.838980479755,62450.13790847986
2024-05-15 05:00:00,61900.0,62082.64,61880.0,61928.68,585.31826,52.4565631728983,-71.97387496977171,-136.08886339868167,61803.96669662454,62536.79877052545
2024-05-15 06:00:00,61928.67,61986.0,61829.96,61962.75,521.14334,53.41090867497298,-51.237252690865716,-119.11854125711848,61819.088915993634,62621.527706997476
2024-05-15 07:00:00,61962.75,62280.01,61889.52,62195.04,926.1442,59.39547346021294,-15.876454578436096,-98.47012392138201,61854.8937811371,62696.07324162367
2024-05-15 08:00:00,62195.04,62265.98,62044.8,62143.51,724.23421,57.627039076502946,7.898147413674451,-77.19646965437073,61882.38104007643,62796.93919096551
2024-05-15 09:00:00,62143.51,62919.12,61923.2,62649.98,1736.05036,67.78083000070218,66.83713020050345,-48.3897496833959,61955.48570292629,62890.59643764384
2024-05-15 10:00:00,62649.98,62999.44,62355.71,62674.71,2222.08933,68.18176189472265,114.22548275200097,-15.866703196316525,62023.98325502855,63045.42318301033
2024-05-15 11:00:00,62674.7,62824.3,62242.42,62467.18,1159.59947,61.28918590126368,133.4962947766544,14.00589639827766,62066.192468835354,63231.284308894516
2024-05-15 12:00:00,62467.18,64200.93,62402.03,63757.56,6238.52577,76.91547181787959,250.0094803255779,61.20661318373771,62227.275090851035,63360.20488438052
2024-05-15 13:00:00,63757.57,64663.56,63535.89,64145.99,5375.59068,79.5867300062372,369.43149771774915,122.85159009054001,62410.00984410332,63626.36968852148
2024-05-15 14:00:00,64146.0,64500.0,63990.62,64500.0,3056.46005,81.66870478453995,487.02582476041425,195.68643702451487,62609.056525617285,63967.67878660291
2024-05-15 15:00:00,64499.99,65057.26,64367.14,64725.11,3812.06983,82.86544440777077,591.5654733008487,274.86224427978163,62810.58542793945,64293.926504166135
2024-05-15 16:00:00,64725.12,65150.0,64720.0,64759.27,2048.80981,83.04631929608907,669.4532837151346,353.7804521668523,62996.17443480236,64614.064742309776
2024-05-15 17:00:00,64759.26,65127.64,64759.26,65046.56,1641.86445,84.52577407504621,745.7651205500879,432.17738584349945,63191.449250535465,64881.3821300463
2024-05-15 18:00:00,65046.56,65791.12,64960.99,65717.28,2962.40794,87.31000144661448,850.5595782350283,515.8538243218053,63432.00456000828,65096.64424799988
2024-05-15 19:00:00,65717.28,66419.15,65302.44,66006.23,3137.65546,88.28769814295225,946.02065387724,601.8871902328923,63677.16888762654,65317.79201274009
2024-05-15 20:00:00,66006.23,66085.5,65738.0,65930.87,1413.7289,86.41767059165325,1004.0196088233934,682.3136739509926,63891.80708880496,65551.1003207766
2024-05-15 21:00:00,65930.88,66200.0,65779.88,65859.99,851.90346,84.6025774827403,1032.364321572386,752.3238034752712,64079.25308034735,65734.75569823009
2024-05-15 22:00:00,65859.99,66290.32,65842.61,66116.3,1204.41155,85.76677381911686,1063.253263793711,814.5096955389592,64273.2575488857,65861.08155640628
2024-05-15 23:00:00,66116.31,66444.16,66072.0,66206.5,1322.85914,86.1632685171748,1082.5325972857026,868.1142758883079,64457.37587756325,65960.32113839872
2024-05-16 00:00:00,66206.51,66666.0,65942.1,66083.9,1814.28632,82.78753914218842,1075.5208774029525,909.5955961912368,64612.282936842945,66048.99087726182
2024-05-16 01:00:00,66083.9,66209.74,65838.66,65985.99,1018.40858,80.0889346546401,1049.9602321682905,937.6685233866476,64743.11218095314,66121.90751694301
2024-05-16 02:00:00,65985.99,66115.2,65746.42,65909.51,965.54926,77.95144535612843,1011.8677581847951,952.5083703462772,64854.19768752903,66149.40551036631
2024-05-16 03:00:00,65909.51,66074.03,65807.45,65975.39,746.79366,78.48414264123149,975.7473553979071,957.1561673566032,64960.977907764354,66139.71077700399
2024-05-16 04:00:00,65975.39,66006.42,65800.0,65813.33,675.0165,73.76301292462264,923.4004032953744,950.4050145443575,65042.15429750108,66114.90102192786
2024-05-16 05:00:00,65813.34,65900.0,65746.12,65781.99,546.88268,72.85036434169771,869.3646954851865,934.1969507325234,65112.614840596216,66065.98081322612
2024-05-16 06:00:00,65781.99,66000.0,65652.92,65958.14,1012.39085,74.7419786928671,831.1735888477415,913.592278355567,65193.14104625372,66005.23538891158
2024-05-16 07:00:00,65958.14,66278.04,65936.57,66142.62,1305.61637,76.58218412038562,806.4960712389438,892.1730369322424,65283.56761327717,65966.61148132599
2024-05-16 08:00:00,66142.62,66460.71,66094.34,66297.12,1039.61616,78.0260878653171,790.2957817022616,871.7975858862463,65380.096412012674,65972.647941317
2024-05-16 09:00:00,66297.12,66390.02,66100.0,66364.69,987.38127,78.64620959524746,773.9872268606705,852.2355140811312,65473.86722991623,66018.50975933752
2024-05-16 10:00:00,66364.69,66364.69,66100.0,66169.99,747.09629,72.3135524007135,736.8578778895026,829.1599868428056,65540.16463659087,66088.754449621
2024-05-16 11:00:00,66170.0,66585.7,66000.0,66503.8,933.73337,75.89697342116261,725.9994092894194,808.5278713321284,65631.93943310602,66139.7905366875
2024-05-16 12:00:00,66503.81,66752.01,65904.76,66011.01,2444.2796,62.94492279525581,669.9076813629727,780.8038333382973,65668.04139185783,66206.9465051425
2024-05-16 13:00:00,66011.01,66367.92,65759.99,66328.05,1698.98043,66.86292844255371,643.6178354791555,753.366633766469,65730.89935453804,66246.5061847896
2024-05-16 14:00:00,66328.06,66393.29,65555.0,65598.7,2406.63193,52.983677068294035,557.5039353083048,714.1940940748362,65718.30893982013,66275.6937354524
2024-05-16 15:00:00,65598.7,65900.0,65361.51,65818.88,1867.16428,55.955987004931345,501.24667522791424,671.6046103054518,65727.88713602774,66243.20514493035
2024-05-16 16:00:00,65818.89,65827.47,65110.0,65154.99,3290.50377,46.42568440089422,398.49837544723414,616.9833633338084,65673.3255040251,66182.62541854987
2024-05-16 17:00:00,65154.98,65389.95,64602.77,64994.99,2511.85879,44.46032794088903,300.69274598434276,553.7252398639152,65608.72212268937,66083.38639824535
2024-05-16 18:00:00,64995.0,65205.85,64831.63,65122.18,1630.94501,46.40274822856144,230.78391667882534,489.1369752268973,65562.38477767134,65943.30817323003
2024-05-16 19:00:00,65122.19,65580.0,65090.17,65186.85,1033.54006,47.40986256236798,178.54088612118358,427.01775740575454,65526.61956075026,65796.67842040834
2024-05-16 20:00:00,65186.84,65290.0,65050.0,65273.9,581.1482,48.80436659343794,142.51924239515938,370.11805440363554,65502.551031154995,65675.53385237703
2024-05-16 21:00:00,65273.9,65500.0,65242.09,65461.99,579.45707,51.77964419733922,127.67733642867097,321.62991080864265,65498.6880758069,65580.4176213471
2024-05-16 22:00:00,65461.99,65480.35,65140.61,65418.97,580.56491,51.04889175792902,111.16225527055212,279.53637970102454,65491.09587811101,65537.41198635945
2024-05-16 23:00:00,65418.98,65422.03,65187.5,65235.21,688.52174,47.93684631147642,82.29736541424063,240.08857684366777,65466.72579448139,65527.75544777515
2024-05-17 00:00:00,65235.21,65508.7,65235.2,65508.69,591.23809,52.57092631688585,80.56062988107442,208.1829874511491,65470.72238548316,65526.502602887274
2024-05-17 01:00:00,65508.7,65510.22,65106.38,65340.84,520.23452,49.649922728892236,64.89212620259786,179.52481520143886,65458.35263448476,65558.86621784889
2024-05-17 02:00:00,65340.83,65450.07,65188.0,65386.01,370.41889,50.447848342921525,55.48002644080407,154.7158574493119,65451.46285977193,65594.34888578621
2024-05-17 03:00:00,65386.0,65901.46,65354.23,65584.53,1533.13211,53.905270383639944,63.30997646856122,136.43468125316176,65464.13592074603,65632.8194525718
2024-05-17 04:00:00,65584.53,65630.7,65367.51,65451.81,567.84995,51.32686382212517,58.13572106046195,120.7748892146218,65462.96202353212,65717.62702535151
2024-05-17 05:00:00,65451.81,65700.0,65436.0,65700.0,472.55691,55.60349269453512,73.21793438961322,111.26349824962008,65485.53706891002,65790.50097675138
2024-05-17 06:00:00,65699.99,66148.0,65580.66,65955.56,1212.84837,59.54512724988368,104.58664358607348,109.92812731691077,65530.30115758525,65874.06778093334
2024-05-17 07:00:00,65955.56,66500.0,65955.56,66386.94,2713.23533,65.16687995833487,162.3834767902954,120.4191972115877,65611.8858092438,65999.8151005601
2024-05-17 08:00:00,66386.93,66457.28,66068.79,66146.01,1162.00194,60.140199048342446,186.59588483588595,133.65453473644735,65662.75477979201,66198.32852750762
2024-05-17 09:00:00,66146.0,66390.0,66072.43,66344.44,712.33029,62.69260885494691,219.2684451583773,150.77731682083333,65727.67718171659,66372.53603343613
2024-05-17 10:00:00,66344.43,66537.19,66182.77,66500.48,892.47388,64.61166927732742,254.81545458301844,171.58494437327036,65801.27745012453,66521.77145648192
2024-05-17 11:00:00,66500.47,66564.23,66197.91,66218.0,787.76141,58.72273768920102,257.2277787238854,188.71351124339338,65840.96531201743,66661.38965909724
2024-05-17 12:00:00,66217.99,66548.0,66120.0,66379.97,1169.86052,60.922059475360435,269.1070893331198,204.79222686133866,65892.29909182529,66754.48549870747
2024-05-17 13:00:00,66379.97,66458.63,65828.03,65944.02,1330.70417,52.77187889497548,240.57085588641348,211.94795266635364,65897.22489260383,66829.81683472265
2024-05-17 14:00:00,65944.02,66850.0,65914.81,66806.66,1594.09581,63.24895204504936,284.28644670866197,226.41565147481532,65983.8377599749,66847.26005283197
2024-05-17 15:00:00,66806.67,67451.2,66552.53,67195.1,3797.62724,66.8185084487029,346.2834885584889,250.38921889155006,66099.19606854871,66901.02650483906
2024-05-17 16:00:00,67195.09,67300.0,66910.0,66929.99,1380.14254,62.36624393841083,369.76204284472624,274.2637836821853,66178.3193001155,67037.15718720834
2024-05-17 17:00:00,66930.0,66998.57,66660.78,66702.52,1144.46178,58.7490818836005,365.797354119175,292.57049776958326,66228.24317629497,67153.2103351607
2024-05-17 18:00:00,66702.51,66849.0,66214.67,66821.98,1439.5245,60.059222638673894,368.0520583470934,307.6668098850853,66284.78954045735,67215.13361902685
2024-05-17 19:00:00,66821.98,67070.0,66650.75,67047.99,1059.21574,62.48672229938952,383.65352680660726,322.8641532693897,66357.47529850903,67247.77218022141
2024-05-17 20:00:00,67047.99,67048.0,66765.33,66890.0,487.41465,59.75279165980062,378.9015886845009,334.071640352412,66408.19193674627,67280.71349120059
2024-05-17 21:00:00,66890.0,66916.78,66740.42,66810.65,338.90557,58.37144647398881,364.53067888872465,340.1634480596745,66446.52127610377,67291.32096742002
2024-05-17 22:00:00,66810.64,66810.65,66669.72,66771.6,334.94159,57.66494239904978,346.00212359131547,341.33118316600275,66477.48115457008,67278.11231447979
2024-05-17 23:00:00,66771.6,67089.72,66700.0,67024.0,679.25829,60.95450492181556,347.67687800397107,342.6003221335964,66529.53056842055,67248.76861457742
2024-05-18 00:00:00,67024.0,67095.88,66725.53,66891.59,1097.8507,58.391193002138635,334.46425678307423,340.973109063492,66564.01241904717,67243.24609902596
2024-05-18 01:00:00,66891.59,67017.99,66765.33,66980.0,383.52091,59.6124537683862,327.3535791110626,338.24920307300613,66603.63028389982,67246.36234356211
2024-05-18 02:00:00,66979.99,67055.3,66797.61,66907.84,523.42619,58.11319124966839,312.29565695649944,333.0584938497048,66632.60263781413,67251.364736107
2024-05-18 03:00:00,66907.85,67006.49,66854.38,66945.05,476.5987,58.69014655119159,299.90753382164985,326.4283018440938,66662.35952945087,67253.33682236628
2024-05-18 04:00:00,66945.06,67008.41,66800.0,66883.61,434.02618,57.287018412291204,281.8827930884145,317.519200092958,66683.4310028365,67257.36356300792
2024-05-18 05:00:00,66883.6,66885.99,66810.0,66854.71,270.60442,56.60154323631424,262.24309259270376,306.46397859290715,66699.74328828065,67256.31432998818
2024-05-18 06:00:00,66854.7,66963.86,66730.0,66920.03,507.84157,57.82975884876369,249.0780498385866,294.98679284204303,66720.72297511106,67246.80439194891
2024-05-18 07:00:00,66920.03,67240.69,66829.0,66887.0,869.03278,56.95203747553535,233.29018956299115,282.6474721862327,66736.55888224333,67245.73662322806
2024-05-18 08:00:00,66887.01,67085.19,66840.0,67027.59,459.68391,59.752168294506646,229.47736240048835,272.01345022908384,66764.27613155349,67258.6700490914
2024-05-18 09:00:00,67027.59,67138.99,66999.99,67125.04,597.38137,61.615923676911564,231.64876718881715,263.9405136210305,66798.63459521506,67284.97389401363
2024-05-18 10:00:00,67125.03,67300.0,67029.37,67222.22,1373.75809,63.43436493955714,238.46238897809235,258.8448886924429,66838.97606233743,67330.00834573967
2024-05-18 11:00:00,67222.21,67400.01,67116.36,67190.82,1139.4509,62.40561624720642,238.57833324059902,254.79157760207414,66872.48500878148,67404.34942596586
2024-05-18 12:00:00,67190.81,67227.97,66900.0,66948.0,637.91065,54.98005386604223,216.58007494779304,247.14927707121794,66879.67691270706,67483.70862599851
2024-05-18 13:00:00,66947.99,67072.9,66800.0,66863.17,723.04515,52.624238787751175,190.1097577674227,235.7413732104589,66878.10482578258,67512.21091740858
2024-05-18 14:00:00,66863.18,67061.2,66600.09,66793.66,1441.27911,50.706956392721565,161.65945504470437,220.92498957730803,66870.06246142233,67499.58473483316
2024-05-18 15:00:00,66793.66,66896.19,66600.0,66823.63,710.15863,51.52697650653259,139.91782806771516,204.72355727538945,66865.64032223925,67467.03885214409
2024-05-18 16:00:00,66823.63,66992.53,66722.0,66888.17,458.90113,53.327611950720254,126.43777470319765,189.0664007609511,66867.78600583551,67421.68592337192
2024-05-18 17:00:00,66888.17,66970.0,66750.0,66866.51,501.97204,52.62113167139378,112.70772976287117,173.79466656133513,66867.66448147023,67383.13222677534
2024-05-18 18:00:00,66866.52,66910.0,66779.95,66796.36,230.01863,50.29708610227203,95.07014207729662,158.04976166452744,66860.87357847307,67350.05554900935
2024-05-18 19:00:00,66796.35,66942.94,66771.76,66912.62,224.34717,53.928719995480115,89.44240081847238,144.32828949531643,66865.80180909469,67309.54774016669
2024-05-18 20:00:00,66912.62,67014.88,66880.0,66964.01,285.93209,55.47730357917786,88.11340238699631,133.0853120736524,66875.15497013328,67288.8529107344
2024-05-18 21:00:00,66964.01,66984.0,66810.0,66899.29,246.9477,53.05848235632388,80.905173959065,122.64928445073492,66877.45354440631,67292.19439212329
2024-05-18 22:00:00,66899.29,67005.07,66828.59,66932.01,505.7249,54.14695147168065,76.94584770972142,113.50859710253224,66882.64939732,67295.82064928362
2024-05-18 23:00:00,66932.0,67039.92,66914.58,66915.2,341.84482,53.46109079795742,71.62596705614123,105.13207109325404,66885.7494547181,67309.95327883921
2024-05-19 00:00:00,66915.2,66980.84,66837.39,66906.53,234.84228,53.08759048251908,65.95009512463002,97.29567589952924,66887.72855426876,67325.56483266728
2024-05-19 01:00:00,66906.52,66970.0,66885.55,66920.01,188.41852,53.6300227522488,61.826946515910095,90.20193002280541,66890.80297767173,67336.41551975266
2024-05-19 02:00:00,66920.0,67250.0,66920.0,67211.61,961.69008,63.469922661880716,81.1535173037555,88.39224747899543,66921.35602741728,67346.94492135232
2024-05-19 03:00:00,67211.6,67294.35,67090.0,67170.21,583.81818,61.47533909835487,92.06802698309184,89.12740337981472,66945.05640575849,67419.12237974122
2024-05-19 04:00:00,67170.2,67180.0,66994.22,67151.75,332.00108,60.561443628022836,98.09748012805358,90.9214187294625,66964.74150997197,67503.6816864638
2024-05-19 05:00:00,67151.74,67170.0,67090.53,67097.62,250.37194,57.8458856455832,97.38542797521222,92.21422057861245,66977.39660426036,67575.18792779779
2024-05-19 06:00:00,67097.63,67150.0,66930.4,67022.65,362.78212,54.21966787962692,89.73723408936348,91.71882328076266,66981.70645147366,67620.17351267546
2024-05-19 07:00:00,67022.64,67329.45,66981.1,67324.44,825.69502,64.00234349126502,106.79682880456676,94.73442438552348,67014.3477418095,67631.45894620479
2024-05-19 08:00:00,67324.44,67339.91,67100.0,67160.01,453.96065,56.87159647847728,105.8286271847901,96.95326494537682,67028.22033782765,67681.72046564054
2024-05-19 09:00:00,67160.0,67186.67,66990.01,67180.01,449.59565,57.49195662473313,105.45948201620195,98.65450835954185,67042.67649612977,67709.81328656273
2024-05-19 10:00:00,67180.01,67700.0,67116.35,67269.99,1871.51463,60.26140749279251,111.1463399950444,101.15287468664236,67064.32540126027,67723.61395856229
2024-05-19 11:00:00,67270.0,67388.0,66950.0,67330.0,1381.45807,62.03778949423963,119.12235305545619,104.74677036040514,67089.6277439974,67771.27767140472
2024-05-19 12:00:00,67330.01,67330.01,66789.75,66832.99,1186.13274,44.353781004532145,84.36632507650938,100.670681303626,67065.18605409288,67827.60654366665
2024-05-19 13:00:00,66832.99,67179.03,66677.0,67049.99,987.7486,50.93058061382706,73.4849205337232,95.23352914964545,67063.73881084594,67793.51938934687
2024-05-19 14:00:00,67049.99,67149.85,66847.02,66928.0,755.26097,47.52968672707386,54.39077258101315,87.064977835919,67050.81130505109,67745.48833260994
2024-05-19 15:00:00,66928.0,66988.22,66739.13,66889.88,646.82118,46.48510690509039,35.77022050888627,76.80602637051246,67035.48451409384,67676.11706702973
2024-05-19 16:00:00,66889.88,66990.0,66521.38,66662.01,1053.33486,40.72353374700809,2.59616722719511,61.96405454184899,66999.91551275157,67593.01871056645
2024-05-19 17:00:00,66662.0,66830.71,66548.17,66720.01,636.07701,42.67124807185697,-18.797705483273603,45.81170253682447,66973.25784487047,67487.48934733465
2024-05-19 18:00:00,66720.01,66757.21,66522.3,66586.21,400.40451,39.45083242823313,-46.018572074288386,27.4456476146019,66936.396145359,67384.2056123753
2024-05-19 19:00:00,66586.21,66646.2,65857.25,66034.01,2461.19629,29.541675988343442,-110.87117613191367,-0.21771713470121362,66850.45460770576,67271.86634489757
2024-05-19 20:00:00,66034.01,66300.0,66019.99,66163.99,650.74941,33.759321722778,-150.04935679095797,-30.184045065952567,66785.0770260195,67133.39735575033
2024-05-19 21:00:00,66164.0,66360.0,66000.0,66280.0,458.74226,37.363206397316326,-169.78018942364724,-58.1032739374915,66736.97445211287,66990.62022031752
2024-05-19 22:00:00,66280.0,66463.0,66252.0,66363.61,508.04173,39.90102546397156,-176.6342584159429,-81.80947083318178,66701.41593286402,66873.89529362234
2024-05-19 23:00:00,66363.61,66363.61,66211.87,66274.01,384.64631,38.11863461542381,-187.13890781541704,-102.87535822962883,66660.71060592459,66800.6270373082
2024-05-20 00:00:00,66274.0,66492.5,66149.43,66459.99,623.69794,43.73670253234464,-178.4003977116954,-117.98036612604214,66641.5943577413,66745.02330414073
2024-05-20 01:00:00,66459.99,66589.63,66060.31,66520.4,1006.64524,45.468518230385136,-164.70190235736663,-127.32467337230705,66630.05203795641,66738.28866607502
2024-05-20 02:00:00,66520.4,66763.0,66503.0,66674.02,695.48145,49.70787606475107,-139.8379313264013,-129.8273249631259,66634.23946291294,66772.90324534425
2024-05-20 03:00:00,66674.02,66768.87,66563.95,66675.22,484.92176,49.74074510260418,-118.66829098787275,-127.59551816807529,66638.14237120695,66849.5034343528
2024-05-20 04:00:00,66675.21,67143.75,66626.0,67132.43,1205.95914,60.36859942731139,-64.25745264871512,-114.92790506420326,66685.21738347296,66936.75322617419
2024-05-20 05:00:00,67132.44,67295.99,67050.61,67136.36,1024.59809,60.446024425036285,-20.582095515201217,-96.05874315440286,66728.18334695173,67090.4057629605
2024-05-20 06:00:00,67136.36,67160.0,66279.64,66410.0,1219.48845,43.52225154552661,-44.07220493463683,-85.66143551044966,66697.88017105157,67266.48986820324
2024-05-20 07:00:00,66410.01,66899.99,66352.23,66825.14,1068.70718,51.82429283220618,-28.85730826969666,-74.30061006229907,66710.00015476094,67345.56653921609
2024-05-20 08:00:00,66825.15,67057.97,66750.0,66762.0,771.75214,50.60585613557709,-21.644756087538553,-63.76943926734697,66714.95252097418,67402.54416101647
2024-05-20 09:00:00,66762.01,66999.0,66753.18,66894.01,643.72155,53.08915928319868,-5.216519978013821,-52.058855409480344,66732.00561421474,67437.62774969228
2024-05-20 10:00:00,66894.01,67349.0,66860.26,67109.99,1583.41701,56.90647181666691,24.943226489325752,-36.658439029719126,66768.00412714666,67466.2019371551
2024-05-20 11:00:00,67110.0,67300.0,66907.23,66994.2,927.56536,54.35289243634292,39.05159507211647,-21.516432209352008,66789.54659122793,67527.14563730262
2024-05-20 12:00:00,66994.2,67087.63,66789.16,66936.39,935.3405,53.07241148352426,45.04850384697784,-8.20344499808604,66803.53167777765,67577.62846177573
2024-05-20 13:00:00,66936.4,67184.71,66774.53,67099.98,1342.77011,56.21585595255529,62.283477914505056,5.8939395844321805,66831.76485132263,67604.213150654
2024-05-20 14:00:00,67099.98,67110.0,66753.42,67006.01,1386.90005,53.979091343624866,67.58069716495811,18.231291100537366,66848.35962738714,67637.80938973864
2024-05-20 15:00:00,67006.0,67487.0,66902.0,67419.99,2145.79274,61.28699984089986,103.98483535645937,35.38199995172177,66902.80061525502,67659.12656937752
2024-05-20 16:00:00,67420.0,68266.08,67374.42,68190.06,4146.38535,70.62985359601007,192.7516691491619,66.8559337912098,67025.3967471355,67725.83318750287
2024-05-20 17:00:00,68190.06,68649.98,68030.77,68331.51,2594.36691,71.96809000675141,271.38549426710233,107.7618458863883,67149.78848550355,67900.91187138301
2024-05-20 18:00:00,68331.51,68766.0,68292.6,68728.41,1729.109,75.36059006786927,361.562018285229,158.52188036615644,67300.13339164607,68117.00275985085
2024-05-20 19:00:00,68728.42,70000.0,68596.0,69999.99,7908.04956,82.61838358683102,529.5293574072857,232.7233757743823,67557.26259244168,68341.00895437556
2024-05-20 20:00:00,70000.0,70421.24,69153.61,69500.0,5989.49478,73.45608582665123,615.2079352675064,309.22028767300714,67742.28520268532,68679.76461920873
2024-05-20 21:00:00,69499.99,69767.43,68905.67,69717.79,3221.36307,74.76867571130484,692.6976707959839,385.9157642976025,67930.42851671528,68998.00013955022
2024-05-20 22:00:00,69717.8,69949.0,69540.0,69590.77,2326.66413,72.5164119307973,735.3823619274481,455.8090838235716,68088.55627702811,69237.46398541512
2024-05-20 23:00:00,69590.77,71515.56,69589.5,71446.62,5834.50959,81.35409575248318,908.4893722221605,546.3451415032894,68408.3718696921,69399.60362655281
2024-05-21 00:00:00,71446.62,71979.0,71125.37,71312.32,4404.43729,79.36519575995568,1023.0479771855607,641.6857086397437,68684.93835829286,69620.86878406662
2024-05-21 01:00:00,71312.32,71462.48,70706.0,71089.96,3747.50505,76.0500811915077,1083.4050838983676,730.0295836914685,68913.98803845544,69857.20571332503
2024-05-21 02:00:00,71089.96,71426.19,70903.85,71283.8,2981.22858,76.95381176341185,1133.809938628925,810.7856546789599,69139.6844157454,70041.13210519608
2024-05-21 03:00:00,71283.81,71401.68,71136.84,71284.0,1955.21923,76.95477800806232,1160.3959651143523,880.7077167660384,69343.90494757917,70181.41422292349
2024-05-21 04:00:00,71283.99,71289.89,70834.0,70910.0,1389.72962,70.96312034929716,1138.1668295674608,932.1995393263229,69493.05685733353,70279.02097815553
2024-05-21 05:00:00,70910.01,71222.0,70826.92,71209.86,1759.43251,72.79221510651948,1131.7007338590047,972.0997782328593,69656.56191853987,70308.99433020732
2024-05-21 06:00:00,71209.87,71394.2,71096.01,71205.41,1634.49017,72.71900680067819,1113.3828442428785,1000.3563914348632,69804.07125963131,70316.0620492049
2024-05-21 07:00:00,71205.41,71230.13,70878.29,70878.29,1818.18841,67.3562844368103,1060.2480550080945,1012.3347241495095,69906.37780633308,70317.69319090155
2024-05-21 08:00:00,70878.3,71060.0,70839.63,70916.0,1452.44414,67.6524353543548,1009.5438405932946,1011.7765474382666,70002.53230096803,70290.60129783869
2024-05-21 09:00:00,70916.01,71076.65,70880.68,70990.02,1391.38501,68.26110622080841,964.2182727116888,1002.264892492951,70096.57874849488,70250.80121576523
2024-05-21 10:00:00,70990.02,71290.0,70960.02,71056.0,1809.08985,68.82423275286676,922.9819073034596,986.4082954550528,70187.95220101917,70214.04267373563
2024-05-21 11:00:00,71055.99,71474.92,70980.0,71130.0,2640.16507,69.47830680187445,886.059035176746,966.3384433993915,70277.67103901734,70196.67528349442
2024-05-21 12:00:00,71130.0,71455.09,71060.0,71349.99,2434.77082,71.39936841962714,864.5823799757491,945.987230714663,70379.79665434902,70208.42242448746
2024-05-21 13:00:00,71349.99,71349.99,70539.91,70595.92,3352.93221,57.93799073901735,777.7494178669731,912.3396681451251,70400.3798301253,70246.8907445214
2024-05-21 14:00:00,70595.92,70927.48,70187.76,70213.2,2657.66016,52.52524751564696,670.3242832476535,863.9365911656308,70382.55317963718,70236.76631990634
2024-05-21 15:00:00,70213.21,70487.82,69685.01,69826.99,2745.90017,47.68403615686892,547.7114936371072,800.6915716599261,70329.64240062411,70169.54688071727
2024-05-21 16:00:00,69827.0,70263.03,69642.8,69668.03,2707.57475,45.8124141752555,432.7250460090436,727.0982665297497,70266.63169580277,70047.20563658931
2024-05-21 17:00:00,69668.04,69942.72,69550.0,69857.05,2370.32353,48.40570599899524,352.78312782740977,652.2352387892818,70227.62391525014,69899.22727109073
2024-05-21 18:00:00,69857.05,69950.19,69500.0,69829.74,896.31712,48.04791880369231,283.9516748038732,578.5785259922001,70189.73020903584,69759.99213963143
2024-05-21 19:00:00,69829.74,69944.4,69162.94,69285.99,1708.59752,41.474756797893505,183.41191332043672,499.54520345784744,70103.6597129372,69627.36414308181
2024-05-21 20:00:00,69285.99,69766.66,69240.57,69727.01,1055.03779,47.72166598914682,137.73236328846542,427.1826354239711,70067.78831170508,69483.70515762705
2024-05-21 21:00:00,69727.0,69806.12,69460.38,69727.76,638.6635,47.73188353223284,100.43377151653112,361.8328626424831,70035.40466297127,69377.34561966121
2024-05-21 22:00:00,69727.75,70222.22,69720.18,70222.22,1279.33239,54.101043221918474,109.51078626482922,311.36844736695235,70053.19659983115,69300.76171960212
2024-05-21 23:00:00,70222.21,70377.77,70100.0,70148.34,777.00871,53.06064824969143,109.48086008454266,270.9909299104704,70062.25787603771,69299.38446084171
2024-05-22 00:00:00,70148.34,70279.99,70049.99,70120.01,1023.24236,52.64259245763885,105.94982549789711,237.98270902795576,70067.75807831984,69335.62400324056
2024-05-22 01:00:00,70120.0,70209.1,70007.73,70159.58,811.91424,53.19726552665329,105.1325211864314,211.4126714596509,70076.50302324176,69387.22739509825
2024-05-22 02:00:00,70159.57,70368.6,69922.77,70003.01,1132.34656,50.668467667413054,90.804177111233,187.29097258996734,70069.50368769493,69443.66523481514
2024-05-22 03:00:00,70003.01,70050.0,69822.76,69955.72,744.84482,49.89695284099811,74.77103942142276,164.78698595625843,70058.6671460097,69492.26528140699
2024-05-22 04:00:00,69955.72,70000.0,69165.0,69599.98,1368.72361,44.41782015783376,32.97925303285592,138.42543937157794,70014.98265591354,69520.46032952917
2024-05-22 05:00:00,69599.97,69923.48,69528.49,69898.12,733.25344,49.429751473621224,23.643816369076376,115.46911477107763,70003.85287915987,69510.47408014048
2024-05-22 06:00:00,69898.12,70059.89,69784.47,69854.08,664.56086,48.73074002500907,12.547120220886427,94.8847158610394,69989.58879543036,69504.9605515956
2024-05-22 07:00:00,69854.08,69889.07,69587.62,69715.0,795.04273,46.494592937694556,-7.384560467544361,74.43086059532264,69963.43748157985,69500.82034999573
2024-05-22 08:00:00,69715.0,70200.0,69636.01,70010.27,1162.16801,51.5750826230139,0.6379069186514243,59.672269859988404,69967.89772142938,69484.6942900402
2024-05-22 09:00:00,70010.26,70087.1,69837.45,69987.44,558.49645,51.170507757205485,5.094849663742934,48.75678582073931,69969.75889081706,69500.78777209684
2024-05-22 10:00:00,69987.45,70233.0,69928.05,70190.0,716.52513,54.575248055011215,24.687327886669664,43.94289423392539,69990.73423454877,69523.13059386316
2024-05-22 11:00:00,70190.0,70275.14,69736.13,69736.13,901.76594,46.71524234507315,3.5500691965280566,35.864329226445925,69966.48621221079,69566.90405622659
2024-05-22 12:00:00,69736.14,70093.34,69505.65,69643.88,1403.77741,45.287578938876095,-20.409892104260507,24.609484960304638,69935.76181104785,69581.5725360503
2024-05-22 13:00:00,69643.88,69892.63,69436.63,69586.87,1317.24639,44.38482155485578,-43.497156461235136,10.988156675996684,69902.53401951949,69575.550679945
2024-05-22 14:00:00,69586.88,70180.0,69435.3,70114.63,1967.29937,53.60489216913038,-18.98926208038756,4.992672924719836,69922.73363670812,69551.60536256555
2024-05-22 15:00:00,70114.63,70591.0,69922.37,70455.9,1427.109,58.406757887274495,27.652299181863782,9.524598176148626,69973.51138559305,69577.65644792735
2024-05-22 16:00:00,70455.89,70666.0,70179.58,70229.88,1054.42271,54.39159594632177,45.849621547647985,16.789602850448496,69997.927444108,69654.8801105183
2024-05-22 17:00:00,70229.87,70459.91,69669.19,69863.52,1661.38521,48.56387003572222,30.35898099039332,19.50347847843746,69985.12673514534,69727.87538650718
2024-05-22 18:00:00,69863.52,69901.66,69228.64,69574.6,2501.11282,44.51334102253017,-5.1712813378399005,14.56852651518199,69946.0289508458,69762.30797889289
2024-05-22 19:00:00,69574.6,69800.91,69453.13,69637.47,1056.97871,45.577069821921064,-27.934178816212807,6.067985448903031,69916.64238409858,69751.36966849324
2024-05-22 20:00:00,69637.48,69976.0,69397.25,69442.01,1467.75371,42.82809824301501,-61.04227024439024,-7.354065689755623,69871.43929989872,69710.34510677148
2024-05-22 21:00:00,69442.02,69665.61,68842.19,69497.77,1531.11044,43.86821538325317,-81.83792854002968,-22.250838259810436,69835.85174752741,69647.99044658884
2024-05-22 22:00:00,69497.77,69550.0,69054.01,69141.28,953.47919,38.984994573213356,-125.63614596778643,-42.92789980140564,69769.7020572867,69578.56413559326
2024-05-22 23:00:00,69141.28,69233.69,69023.56,69166.62,718.62115,39.50052222348587,-156.49781322921626,-65.64188248696776,69712.26567087845,69481.3393281414
2024-05-23 00:00:00,69166.62,69621.51,69166.61,69499.81,859.87459,45.9653596214085,-152.31447204395954,-82.97640039836612,69692.03179746146,69371.96970465478
2024-05-23 01:00:00,69499.81,69626.87,69260.15,69483.16,601.81364,45.70254271067851,-148.62935320030374,-96.10699095875366,69672.13924532228,69308.68825941725
2024-05-23 02:00:00,69483.15,69562.0,69362.62,69505.86,441.81983,46.15457324273988,-142.23754381340405,-105.33310152968374,69656.30312672016,69271.33601326459
2024-05-23 03:00:00,69505.85,69524.86,69311.76,69446.14,615.56921,45.091025439954535,-140.37276387991733,-112.34103399973047,69636.28759084205,69250.3440509268
2024-05-23 04:00:00,69446.14,69590.0,69422.2,69550.01,663.29267,47.362924555508435,-129.02613841772836,-115.67805488333005,69628.07067742852,69235.45819788112
2024-05-23 05:00:00,69550.0,69562.04,69347.17,69478.89,540.94978,45.960696630652194,-124.33933911353233,-117.41031172937052,69613.8629938639,69239.35350355132
2024-05-23 06:00:00,69478.89,69675.0,69382.73,69561.4,605.32347,47.88828796099929,-112.66837852918252,-116.46192508933292,69608.86651825783,69242.97077370505
2024-05-23 07:00:00,69561.4,69862.44,69470.0,69734.04,831.73333,51.7651940553516,-88.46864156390075,-110.8632683842465,69620.78780223327,69258.36439262325
2024-05-23 08:00:00,69734.05,69849.94,69577.86,69687.99,628.7134,50.6820725052151,-72.17404831117892,-103.12542436963298,69627.1880115444,69302.75458831414
2024-05-23 09:00:00,69687.99,69830.0,69580.9,69645.06,786.18312,49.63932030731249,-62.00974820363626,-94.90228913643364,69628.89010568302,69349.71562957857
2024-05-23 10:00:00,69645.05,69794.92,69520.02,69537.21,713.54288,47.02191485280516,-61.94302021962358,-88.31043535307163,69620.15866704655,69389.0719782015
2024-05-23 11:00:00,69537.22,70061.0,69537.21,69982.72,1592.64329,57.08772447498358,-25.645577836490702,-75.77746384975545,69654.68831780402,69407.00161804268
2024-05-23 12:00:00,69982.72,70096.12,68946.17,69428.53,2387.11342,45.505281470146315,-41.124042318799184,-68.8467795435642,69633.14943039411,69474.16545012845
2024-05-23 13:00:00,69428.53,69558.07,67716.42,68036.14,5195.5074,29.37787068054311,-163.85624050501792,-87.84867173585495,69481.05329416611,69508.64522429879
2024-05-23 14:00:00,68036.14,68345.39,67610.95,67748.63,3287.23359,27.231745430645176,-281.0819087078271,-126.49531913024938,69316.06059948362,69449.3405294787
2024-05-23 15:00:00,67748.62,68313.79,67709.84,68076.0,1910.00664,33.214327437142444,-343.607182556676,-169.9176918155347,69197.95959000899,69294.8229933078
2024-05-23 16:00:00,68075.99,68167.97,67799.3,67822.78,1012.38695,31.085463710728007,-408.87835514414473,-217.70982448125673,69066.99010524624,69115.51423776186
2024-05-23 17:00:00,67822.78,68119.26,67618.98,67639.25,1108.81623,29.604404334117547,-469.9977256312559,-268.16740471125655,68931.01485712755,68912.81960599689
2024-05-23 18:00:00,67639.25,67684.36,66764.7,67393.06,3242.57711,27.698014205578716,-532.1662611908978,-320.96717600718483,68784.54296597255,68706.093740087
2024-05-23 19:00:00,67393.05,67690.0,67110.18,67199.98,1507.43481,26.269268312661183,-590.2116236813163,-374.81606554201113,68633.6322073085,68515.36755435243
2024-05-23 20:00:00,67199.98,67952.39,66312.16,67802.89,4844.87833,37.168238768363274,-580.8673165307264,-416.0263157397542,68554.51390185054,68328.49847951003
2024-05-23 21:00:00,67802.89,68365.81,66958.4,67992.77,5227.80843,40.167968315838706,-551.7795850989933,-443.17696961160203,68501.01448262668,68251.57194982457
2024-05-23 22:00:00,67992.78,67999.98,67540.0,67686.47,935.26003,37.09164864990552,-547.1361535202886,-463.9688063933394,68423.43881761462,68273.64010620188
2024-05-23 23:00:00,67686.48,67994.1,67480.0,67969.65,972.69159,41.54868471401985,-514.6731099356111,-474.1096671017938,68380.22083498465,68271.1136339734
2024-05-24 00:00:00,67969.66,68000.0,67628.01,67852.0,1148.17033,40.27208142715954,-492.75906598824076,-477.8395468790832,68329.91408879563,68272.58076279973
2024-05-24 01:00:00,67851.99,67852.0,67657.55,67742.01,587.94989,39.06366230490916,-478.74858636008867,-478.0213547752843,68273.92322319605,68273.37779794696
2024-05-24 02:00:00,67742.01,68000.95,67634.15,67978.37,868.04952,43.02040946506271,-443.46096173563274,-471.109276167354,68245.77529717737,68257.73815972327
2024-05-24 03:00:00,67978.38,68017.56,67822.05,67891.83,923.24161,41.94645755980534,-417.6637519958458,-460.4201713330524,68212.06622125572,68260.79992053196
2024-05-24 04:00:00,67891.83,67922.79,67651.04,67708.23,968.40971,39.68308429296315,-407.33871585218003,-449.80388023687794,68164.08181923136,68269.76951479982
2024-05-24 05:00:00,67708.23,67708.23,67080.99,67299.99,1412.81067,35.14241329067276,-427.1734172683791,-445.2777876431782,68081.78736025695,68265.36981338458
2024-05-24 06:00:00,67299.99,67603.6,66816.21,66887.01,2121.9338,31.24725878950106,-470.78962587343995,-450.3801552892306,67967.99904023248,68226.43641575944
2024-05-24 07:00:00,66887.01,67311.54,66828.23,67155.93,1407.32671,36.20579090292548,-478.14443744866,-455.9330117211165,67890.65913163891,68154.77795700128
2024-05-24 08:00:00,67155.93,67228.84,66600.12,67190.15,1338.28785,36.830121671004136,-475.7280141819647,-459.89201221328614,67823.94397624473,68081.99331397943
2024-05-24 09:00:00,67190.15,67449.36,67039.52,67375.26,855.22355,40.23732512397502,-453.6467935122637,-458.6429684730817,67781.21216898333,68011.42172133113
2024-05-24 10:00:00,67375.25,67523.78,67311.12,67353.43,586.83531,39.96357088543801,-432.9183523207612,-453.4980452426176,67740.47101003253,67966.2339288051
2024-05-24 11:00:00,67353.43,67472.89,67277.58,67349.99,702.98193,39.91748326431439,-412.0189940958371,-445.20223501326154,67703.28234241038,67934.69122072698
2024-05-24 12:00:00,67350.0,67571.81,67343.0,67490.0,742.5684,42.808412448878826,-379.78059099543316,-432.1179062096959,67682.9697383713,67911.80356168596
2024-05-24 13:00:00,67490.0,67607.0,66921.97,67077.12,2224.97911,37.13411736575633,-383.13089522167866,-422.32050401209244,67625.26976328832,67912.4989313211
2024-05-24 14:00:00,67077.12,68031.62,67000.0,67869.48,2203.5663,50.65266116676592,-318.18140827390016,-401.492684864454,67648.52788107039,67910.15837779151
2024-05-24 15:00:00,67869.49,68420.0,67869.48,68326.46,2033.08888,56.46691128478767,-227.2148141321959,-366.6371107180024,67713.09284477797,67983.85351691883
2024-05-24 16:00:00,68326.46,68473.85,67924.39,68394.33,1656.06613,57.27211670746371,-147.9412168515846,-322.8979319447189,67777.97257384674,68128.18652786806
2024-05-24 17:00:00,68394.32,68931.31,68394.32,68919.02,1870.85195,62.973832798120654,-42.2907207844255,-266.77648971266024,67886.6437572899,68291.91406073318
2024-05-24 18:00:00,68919.02,69220.0,68840.0,68970.43,1735.97362,63.48794742255055,45.06691255349142,-204.4078092594299,67989.86149469086,68490.86335750046
2024-05-24 19:00:00,68970.43,69250.0,68738.33,69115.98,861.38775,64.97090722414205,124.60674593728618,-138.6048982200867,68097.11087614887,68696.53156507193
2024-05-24 20:00:00,69115.98,69214.0,68836.96,68836.96,700.24049,59.94457891390346,163.2462536204548,-78.23466785197841,68167.57269746803,68879.59014911884
2024-05-24 21:00:00,68836.96,68995.77,68800.0,68876.0,401.77374,60.40612921727879,194.77331800333923,-23.633070680914887,68235.04196437584,69004.34777464453
2024-05-24 22:00:00,68875.99,68876.0,68674.39,68787.99,320.29512,58.76227523710872,210.23362977907527,23.140269411083146,68287.70368205433,69080.04027598716
2024-05-24 23:00:00,68788.0,68788.0,68524.94,68549.99,423.82427,54.44720894976924,200.96482983379974,58.70518149562647,68312.68333138249,69109.53675500161
2024-05-25 00:00:00,68549.99,68679.48,68500.0,68530.89,353.66198,54.10384233169688,189.88910532016598,84.94196626053437,68333.46491886987,69089.2839739561
2024-05-25 01:00:00,68530.88,68700.38,68530.88,68613.46,366.55813,55.412919024394746,185.63434559784946,105.0804421279974,68360.13111707274,69040.18683356207
2024-05-25 02:00:00,68613.45,68830.0,68606.1,68817.22,381.53499,58.55449473854562,196.4397122473456,123.35229615186705,68403.66339163724,68987.08373497914
2024-05-25 03:00:00,68817.22,68910.0,68652.59,68757.85,539.87073,57.28790994846857,197.9307577733416,138.26798847616197,68437.39544957655,68954.97484548566
2024-05-25 04:00:00,68757.84,68831.88,68688.0,68784.37,458.7946,57.72777583684741,198.95889021936455,150.4061688248025,68470.44064485497,68934.03006493248
2024-05-25 05:00:00,68784.37,68808.0,68696.0,68718.21,260.60587,56.1735713571782,192.21934851503465,158.76880476284893,68494.03772629735,68920.69222377246
2024-05-25 06:00:00,68718.21,68746.4,68615.56,68660.4,373.11777,54.785595617942064,180.1369229801203,163.0424284063032,68509.88175236426,68902.14865904339
2024-05-25 07:00:00,68660.39,68811.89,68639.69,68753.92,326.34283,56.65158543468375,176.07807764103927,165.64955825325043,68533.12349023433,68875.76505443764
2024-05-25 08:00:00,68753.93,69059.35,68749.2,68876.69,621.21878,59.04132614998429,180.68510106322356,168.65666681524507,68565.84411021201,68858.56336213049
2024-05-25 09:00:00,68876.69,69156.28,68850.0,69095.27,540.31615,62.95683736590926,199.67208407419093,174.85975026703426,68616.26562352515,68868.21203708403
2024-05-25 10:00:00,69095.27,69453.57,69025.87,69387.99,768.8976,67.44516673298457,235.62334330985323,187.01246887559805,68689.76318318943,68911.53895755738
2024-05-25 11:00:00,69388.0,69610.0,69104.67,69104.67,1143.62136,59.88232773894345,238.50409235991538,197.31079357246153,68729.27811812377,68998.56744434142
2024-05-25 12:00:00,69104.68,69299.99,69018.56,69116.3,899.32763,60.080211165678726,238.97084341212758,205.64280354039477,68766.13734496912,69072.69676822476
2024-05-25 13:00:00,69116.31,69240.77,68882.43,69025.98,1120.61802,57.699879363392384,229.4082028585981,210.39588340403543,68790.88426449586,69126.91032380985
2024-05-25 14:00:00,69025.99,69088.67,68958.0,69021.65,634.18253,57.582096482608634,218.9563539592782,212.107977515084,68812.86195359149,69154.77285268808
2024-05-25 15:00:00,69021.65,69212.58,68847.65,68930.4,707.55312,55.03258574054012,200.99315206997562,209.88501242606233,68824.05605324944,69159.73705045496
2024-05-25 16:00:00,68930.39,69044.0,68849.5,68936.62,490.68142,55.178265838116936,185.12508048067684,204.93302603698524,68834.77642913045,69142.83529949286
2024-05-25 17:00:00,68936.61,69100.0,68925.0,69065.14,335.57693,58.19214095017007,180.83545082547062,200.11351099468231,68856.71581683231,69113.25569066743
2024-05-25 18:00:00,69065.15,69234.0,69065.14,69213.2,373.59442,61.41134119921355,187.22488114319276,197.5357850243844,68890.66669141971,69094.37679825485
2024-05-25 19:00:00,69213.2,69266.66,69115.94,69155.32,260.44168,59.48310962749474,185.48002021099092,195.1246320617057,68915.87176842736,69101.85623449196
2024-05-25 20:00:00,69155.32,69221.39,69071.47,69100.01,228.03497,57.6212243884292,177.58703776884067,191.6171132031327,68933.40874286284,69113.12987257513
2024-05-25 21:00:00,69100.0,69170.72,69050.01,69139.01,232.82685,58.60512549019888,172.4904043709248,187.79177143669114,68952.98981497114,69116.2326366014
2024-05-25 22:00:00,69139.02,69159.54,69050.95,69129.0,237.31364,58.23143274094567,165.73309439397417,183.38003602814774,68969.75268973579,69119.671851687
2024-05-25 23:00:00,69128.99,69356.6,69128.99,69290.57,475.70218,62.3990620230746,171.4389843619574,180.9918256949097,69000.30671928477,69121.72201256607
2024-05-26 00:00:00,69290.56,69319.31,69151.5,69156.0,318.21323,57.273240620547696,163.220761580611,177.43761287204995,69015.13465078146,69149.86089189703
2024-05-26 01:00:00,69156.01,69256.09,69156.0,69161.44,244.61402,57.42549519319049,155.35587750312698,173.02126579826538,69029.06849356418,69163.35151216913
2024-05-26 02:00:00,69161.44,69176.91,68808.37,68904.01,573.34301,48.59978473337741,126.88776744240022,163.79456612709237,69017.15816084378,69168.5763331272
2024-05-26 03:00:00,68904.0,69137.84,68880.6,69073.62,467.99134,53.65379464426125,116.66782061483536,154.369217024641,69022.53547885866,69129.7187633702
2024-05-26 04:00:00,69073.62,69073.62,68936.21,68974.0,270.48984,50.51222006128383,99.38429736686521,143.37223309308584,69017.91305230069,69098.60630823273
2024-05-26 05:00:00,68973.99,69139.6,68928.22,69139.6,219.5414,55.20739453364863,97.92074727381987,134.28193592923265,69029.50228541491,69056.35164998352
2024-05-26 06:00:00,69139.59,69184.0,69052.0,69105.63,273.93522,54.07404845205952,92.94832771632355,126.01521428665083,69036.75254394683,69036.32747591824
2024-05-26 07:00:00,69105.64,69435.36,69101.63,69340.15,620.9956,60.15544470294326,106.70146535399545,122.15246450011976,69065.64753976141,69026.61308347898
2024-05-26 08:00:00,69340.16,69562.23,69063.13,69160.33,844.03291,54.22622797124602,101.91612914015423,118.10519742812666,69074.664916927,69061.48603918776
2024-05-26 09:00:00,69160.32,69254.0,68974.55,69086.54,540.21484,51.96283770350014,91.11911496531684,112.7079809355647,69075.79587721966,69093.24162698456
2024-05-26 10:00:00,69086.54,69151.63,69086.54,69138.67,220.15764,53.44135127002351,85.78003987147531,107.32239272274683,69081.78388891302,69102.4482535513
